{
	"id": "4774ac6e-ce66-2e9a-45cc-e79ddd79e949",
	"name": "스타터킷 collection",
	"description": "",
	"order": [],
	"folders": [
		{
			"id": "c640537e-340e-bbe5-6fbe-ac56f733ba48",
			"name": "01. node",
			"description": "",
			"order": [
				"1b89d3ac-4d46-3d07-ddbe-304ec68e4575",
				"98c420ff-283f-598d-8cf8-5e86abbc34a4"
			],
			"owner": "799497",
			"collectionId": "4774ac6e-ce66-2e9a-45cc-e79ddd79e949"
		},
		{
			"id": "6cc1ed4f-d44b-06b4-fb52-a718c9c39c41",
			"name": "02. remoteCSE",
			"description": "",
			"order": [
				"41a9ea85-993a-ae01-e834-37670ea043c4",
				"c0040ef1-49a9-8c46-ee0b-a649dc44c5af"
			],
			"owner": "799497",
			"collectionId": "4774ac6e-ce66-2e9a-45cc-e79ddd79e949"
		},
		{
			"id": "e402057c-f0c8-e04c-95a3-ff54fa031a57",
			"name": "03. container",
			"description": "",
			"order": [
				"3670caf5-b821-65c0-ad50-7faeb8255a92",
				"18c02ac4-64fc-4c83-6a0d-3db2b6e4f936"
			],
			"owner": "799497",
			"collectionId": "4774ac6e-ce66-2e9a-45cc-e79ddd79e949"
		},
		{
			"id": "f3667d55-3119-81d3-aaa4-30f83bec7666",
			"name": "04. contentInstance",
			"description": "",
			"order": [
				"201bc503-8bff-5232-9559-e1ac0f363b31",
				"c5bd10a7-176e-6036-1b46-10ffa8b1b9fa"
			],
			"owner": "799497",
			"collectionId": "4774ac6e-ce66-2e9a-45cc-e79ddd79e949"
		},
		{
			"id": "a9acade5-44df-45e1-9d40-f74b9f78f6dd",
			"name": "05. mgmtCmd",
			"description": "",
			"order": [
				"6832bd6f-4208-4623-32d2-e035eff08f24",
				"52f81a84-0bec-39f4-9aaa-d41478e43d22",
				"f5a80120-a524-1fcf-d08b-6beb504697b8"
			],
			"owner": "799497"
		},
		{
			"id": "bfa90b17-9e3a-c35f-0ec4-da7eee92024f",
			"name": "06. Subscription",
			"description": "",
			"order": [
				"941637aa-8381-f0af-6cf2-02ed70810748",
				"6e9fe6b3-0e9f-acce-2161-9110a1716241"
			],
			"owner": "799497"
		}
	],
	"timestamp": 1470701602645,
	"owner": "799497",
	"public": false,
	"published": false,
	"requests": [
		{
			"id": "18c02ac4-64fc-4c83-6a0d-3db2b6e4f936",
			"headers": "Accept: application/xml\nX-M2M-RI: {Resource ID}\nX-M2M-Origin: {Origin}\nuKey: user Key from Portal\n",
			"url": "http://thingplugtest.sktiot.com:9000/{AppEUI}/v1_0/remoteCSE-{CSE-ID}/container-{container Name}",
			"preRequestScript": "",
			"pathVariables": {},
			"method": "GET",
			"data": [],
			"dataMode": "raw",
			"version": 2,
			"tests": "",
			"currentHelper": "normal",
			"helperAttributes": "{}",
			"time": 1470703267109,
			"name": "<container> RETRIEVE",
			"description": "",
			"collectionId": "4774ac6e-ce66-2e9a-45cc-e79ddd79e949",
			"responses": [],
			"rawModeData": "",
			"descriptionFormat": "html",
			"folder": "e402057c-f0c8-e04c-95a3-ff54fa031a57"
		},
		{
			"id": "1b89d3ac-4d46-3d07-ddbe-304ec68e4575",
			"headers": "Accept: application/xml\nX-M2M-RI: {Resource ID}\nX-M2M-Origin: {Origin}\nContent-Type: application/vnd.onem2m-res+xml;ty=14\nX-M2M-NM: {nodeID}\n",
			"url": "http://thingplugtest.sktiot.com:9000/{AppEUI}/v1_0",
			"preRequestScript": "",
			"pathVariables": {},
			"method": "POST",
			"data": [],
			"dataMode": "raw",
			"tests": "",
			"currentHelper": "normal",
			"helperAttributes": {},
			"time": 1470703304241,
			"name": "<node> CREATE",
			"description": "",
			"collectionId": "4774ac6e-ce66-2e9a-45cc-e79ddd79e949",
			"responses": [],
			"folder": "c640537e-340e-bbe5-6fbe-ac56f733ba48",
			"rawModeData": "<?xml version=\"1.0\" encoding=\"UTF-8\"?>\n<m2m:nod \n    xmlns:m2m=\"http://www.onem2m.org/xml/protocols\" \n    xmlns:xsi=\"http://www.w3.org/2001/XMLSchema-instance\">\n    <ni>{nodeID}</ni>\n    <mga>HTTP|{mgmtCmd Address}</mga>\n</m2m:nod>"
		},
		{
			"id": "201bc503-8bff-5232-9559-e1ac0f363b31",
			"headers": "Accept: application/xml\nX-M2M-RI: {Resource ID}\nX-M2M-Origin: {Origin}\nuKey: user Key from Portal\n",
			"url": "http://thingplugtest.sktiot.com:9000/{AppEUI}/v1_0/remoteCSE-{CSE-ID}/container-{containerName}/latest",
			"preRequestScript": "",
			"pathVariables": {},
			"method": "GET",
			"data": [],
			"dataMode": "raw",
			"version": 2,
			"tests": "",
			"currentHelper": "normal",
			"helperAttributes": {},
			"time": 1470709500323,
			"name": "<lastest> RETRIEVE",
			"description": "",
			"collectionId": "4774ac6e-ce66-2e9a-45cc-e79ddd79e949",
			"responses": [],
			"folder": "f3667d55-3119-81d3-aaa4-30f83bec7666",
			"rawModeData": "{\n    \"nod\": \n    {\n        \"ni\":\"12345678901234567890sjw4\",\n        \"mga\" :\"MQTT|12345678901234567890sjw4\"\n    }\n}"
		},
		{
			"id": "3670caf5-b821-65c0-ad50-7faeb8255a92",
			"headers": "Accept: application/xml\nX-M2M-RI: {Resource ID}\nX-M2M-Origin: {Origin}\nX-M2M-NM: {container Name}\nContent-Type: application/vnd.onem2m-res+xml;ty=3\ndKey: device Key from remoteCSE Creation\n",
			"url": "http://thingplugtest.sktiot.com:9000/{AppEUI}/v1_0/remoteCSE-{CSE-ID}",
			"preRequestScript": "",
			"pathVariables": {},
			"method": "POST",
			"data": [],
			"dataMode": "raw",
			"version": 2,
			"tests": "",
			"currentHelper": "normal",
			"helperAttributes": {},
			"time": 1470703243563,
			"name": "<container> CREATE",
			"description": "",
			"collectionId": "4774ac6e-ce66-2e9a-45cc-e79ddd79e949",
			"responses": [],
			"folder": "e402057c-f0c8-e04c-95a3-ff54fa031a57",
			"rawModeData": "<?xml version=\"1.0\" encoding=\"UTF-8\"?>\n<m2m:cnt \n    xmlns:m2m=\"http://www.onem2m.org/xml/protocols\" \n    xmlns:xsi=\"http://www.w3.org/2001/XMLSchema-instance\">\n    <containerType>heartbeat</containerType>\n    <heartbeatPeriod>300</heartbeatPeriod>\n</m2m:cnt>"
		},
		{
			"id": "41a9ea85-993a-ae01-e834-37670ea043c4",
			"headers": "Accept: application/xml\nX-M2M-RI: {Resource ID}\nX-M2M-Origin: {Origin}\nContent-Type: application/vnd.onem2m-res+xml;ty=16\npassCode: {user passCode}\nX-M2M-NM: {CSE-ID}\n",
			"url": "http://thingplugtest.sktiot.com:9000/{AppEUI}/v1_0",
			"preRequestScript": "",
			"pathVariables": {},
			"method": "POST",
			"data": [],
			"dataMode": "raw",
			"tests": "",
			"currentHelper": "normal",
			"helperAttributes": {},
			"time": 1470703178164,
			"name": "<remoteCSE> CREATE",
			"description": "",
			"collectionId": "4774ac6e-ce66-2e9a-45cc-e79ddd79e949",
			"responses": [],
			"folder": "6cc1ed4f-d44b-06b4-fb52-a718c9c39c41",
			"rawModeData": "<?xml version=\"1.0\" encoding=\"UTF-8\"?>\n<m2m:csr \n    xmlns:m2m=\"http://www.onem2m.org/xml/protocols\" \n    xmlns:xsi=\"http://www.w3.org/2001/XMLSchema-instance\">\n    <cst>3</cst>\n    <csi>{CSE-ID}</csi>\n    <rr>true</rr>\n    <nl>{nodeResourceID}</nl>\n</m2m:csr>"
		},
		{
			"id": "52f81a84-0bec-39f4-9aaa-d41478e43d22",
			"headers": "Accept: application/xml\nX-M2M-RI: {Resource ID}\nX-M2M-Origin: {Origin}\nuKey: user Key from Portal\n",
			"url": "http://thingplugtest.sktiot.com:9000/{AppEUI}/v1_0/mgmtCmd-{nodeID}_{cmdType}",
			"preRequestScript": "",
			"pathVariables": {},
			"method": "GET",
			"data": [],
			"dataMode": "raw",
			"version": 2,
			"tests": "",
			"currentHelper": "normal",
			"helperAttributes": {},
			"time": 1470720808834,
			"name": "<mgmtCmd> RETRIEVE",
			"description": "",
			"collectionId": "4774ac6e-ce66-2e9a-45cc-e79ddd79e949",
			"responses": [],
			"folder": "a9acade5-44df-45e1-9d40-f74b9f78f6dd",
			"rawModeData": ""
		},
		{
			"id": "6832bd6f-4208-4623-32d2-e035eff08f24",
			"headers": "Accept: application/xml\nX-M2M-RI: {Resource ID}\nX-M2M-Origin: {Origin}\nContent-Type: application/vnd.onem2m-res+xml;ty=12\nX-M2M-NM: {nodeID}_{cmdType}\ndKey: device Key from remoteCSE Creation\n",
			"url": "http://thingplugtest.sktiot.com:9000/{AppEUI}/v1_0",
			"preRequestScript": "",
			"pathVariables": {},
			"method": "POST",
			"data": [],
			"dataMode": "raw",
			"version": 2,
			"tests": "",
			"currentHelper": "normal",
			"helperAttributes": {},
			"time": 1470720687491,
			"name": "<mgmtCmd> CREATE",
			"description": "",
			"collectionId": "4774ac6e-ce66-2e9a-45cc-e79ddd79e949",
			"responses": [],
			"folder": "a9acade5-44df-45e1-9d40-f74b9f78f6dd",
			"rawModeData": "<?xml version=\"1.0\" encoding=\"UTF-8\"?>\n<m2m:mgc \n    xmlns:m2m=\"http://www.onem2m.org/xml/protocols\" \n    xmlns:xsi=\"http://www.w3.org/2001/XMLSchema-instance\">\n    <cmt>{command Type}</cmt>\n    <ext>{nodeRI}</ext>\n    <exe>False</exe>\n</m2m:mgc>"
		},
		{
			"id": "6e9fe6b3-0e9f-acce-2161-9110a1716241",
			"headers": "Accept: application/xml\nX-M2M-RI: {Resource ID}\nX-M2M-Origin: {Origin}\nuKey: user Key from Portal\n",
			"url": "http://thingplugtest.sktiot.com:9000/{AppEUI}/v1_0/remoteCSE-{CSE-ID}/container-{containerName}/substription-{subscriptionName}",
			"preRequestScript": "",
			"pathVariables": {},
			"method": "GET",
			"data": [],
			"dataMode": "raw",
			"version": 2,
			"tests": "",
			"currentHelper": "normal",
			"helperAttributes": {},
			"time": 1470721470520,
			"name": "<Subscription> RETRIEVE",
			"description": "",
			"collectionId": "4774ac6e-ce66-2e9a-45cc-e79ddd79e949",
			"responses": [],
			"folder": "bfa90b17-9e3a-c35f-0ec4-da7eee92024f",
			"rawModeData": "{\n    \"nod\": \n    {\n        \"ni\":\"12345678901234567890sjw4\",\n        \"mga\" :\"MQTT|12345678901234567890sjw4\"\n    }\n}"
		},
		{
			"id": "941637aa-8381-f0af-6cf2-02ed70810748",
			"headers": "Accept: application/xml\nX-M2M-RI: {Resource ID}\nX-M2M-Origin: {Origin}\nX-M2M-NM: {subscriptionName}\nContent-Type: application/vnd.onem2m-res+xml;ty=23\nuKey: user Key from Portal\n",
			"url": "http://thingplugtest.sktiot.com:9000/{AppEUI}/v1_0/remoteCSE-{CSE-ID}/container-{containerName}",
			"preRequestScript": "",
			"pathVariables": {},
			"method": "POST",
			"data": [],
			"dataMode": "raw",
			"version": 2,
			"tests": "",
			"currentHelper": "normal",
			"helperAttributes": {},
			"time": 1470721339096,
			"name": "<Subscription> CREATE",
			"description": "",
			"collectionId": "4774ac6e-ce66-2e9a-45cc-e79ddd79e949",
			"responses": [],
			"folder": "bfa90b17-9e3a-c35f-0ec4-da7eee92024f",
			"rawModeData": "<?xml version=\"1.0\" encoding=\"UTF-8\"?>\n<m2m:sub \n    xmlns:m2m=\"http://www.onem2m.org/xml/protocols\" \n    xmlns:xsi=\"http://www.w3.org/2001/XMLSchema-instance\">\n    <enc>\n         <rss>1</rss>\n    </enc>\n    <nu>HTTP|{mgmtCmd Address}</nu>\n    <nct>2</nct>\n</m2m:sub>"
		},
		{
			"id": "98c420ff-283f-598d-8cf8-5e86abbc34a4",
			"headers": "Accept: application/xml\nX-M2M-RI: {Resource ID}\nX-M2M-Origin: {Origin}\nukey: user Key from Portal\n",
			"url": "http://thingplugtest.sktiot.com:9000/{AppEUI}/v1_0/node-{nodeID}",
			"preRequestScript": "",
			"pathVariables": {},
			"method": "GET",
			"data": [],
			"dataMode": "raw",
			"version": 2,
			"tests": "",
			"currentHelper": "normal",
			"helperAttributes": {},
			"time": 1470709511413,
			"name": "<node> RETRIEVE",
			"description": "",
			"collectionId": "4774ac6e-ce66-2e9a-45cc-e79ddd79e949",
			"responses": [],
			"folder": "c640537e-340e-bbe5-6fbe-ac56f733ba48",
			"rawModeData": "<?xml version=\"1.0\" encoding=\"UTF-8\"?>\n<m2m:nod \n    xmlns:m2m=\"http://www.onem2m.org/xml/protocols\" \n    xmlns:xsi=\"http://www.w3.org/2001/XMLSchema-instance\">\n    <ni>12345678901234567890ahb1</ni>\n</m2m:nod>"
		},
		{
			"id": "c0040ef1-49a9-8c46-ee0b-a649dc44c5af",
			"headers": "Accept: application/xml\nX-M2M-RI: {Resource ID}\nX-M2M-Origin: {Origin}\nuKey: user Key from Portal\n",
			"url": "http://thingplugtest.sktiot.com:9000/{AppEUI}/v1_0/remoteCSE-{CSE-ID}",
			"preRequestScript": "",
			"pathVariables": {},
			"method": "GET",
			"data": [],
			"dataMode": "raw",
			"version": 2,
			"tests": "",
			"currentHelper": "normal",
			"helperAttributes": {},
			"time": 1470703155430,
			"name": "<remoteCSE> RETRIEVE",
			"description": "",
			"collectionId": "4774ac6e-ce66-2e9a-45cc-e79ddd79e949",
			"responses": [],
			"folder": "6cc1ed4f-d44b-06b4-fb52-a718c9c39c41",
			"rawModeData": ""
		},
		{
			"id": "c5bd10a7-176e-6036-1b46-10ffa8b1b9fa",
			"headers": "Accept: application/xml\nX-M2M-RI: {Resource ID}\nX-M2M-Origin: {Origin}\nContent-Type: application/vnd.onem2m-res+xml;ty=4\ndKey: device Key from remoteCSE Creation\n",
			"url": "http://thingplugtest.sktiot.com:9000/{AppEUI}/v1_0/remoteCSE-{CSE-ID}/container-{containerName}",
			"preRequestScript": "",
			"pathVariables": {},
			"method": "POST",
			"data": [],
			"dataMode": "raw",
			"tests": "",
			"currentHelper": "normal",
			"helperAttributes": {},
			"time": 1470720436021,
			"name": "<contentInstance> CREATE",
			"description": "",
			"collectionId": "4774ac6e-ce66-2e9a-45cc-e79ddd79e949",
			"responses": [],
			"folder": "f3667d55-3119-81d3-aaa4-30f83bec7666",
			"rawModeData": "<?xml version=\"1.0\" encoding=\"UTF-8\"?>\n<m2m:cin\n    xmlns:m2m=\"http://www.onem2m.org/xml/protocols\" \n    xmlns:xsi=\"http://www.w3.org/2001/XMLSchema-instance\">\n    <cnf>text</cnf>\n    <con>{payload Data}</con>\n</m2m:cin>"
		},
		{
			"id": "f5a80120-a524-1fcf-d08b-6beb504697b8",
			"headers": "Accept: application/xml\nX-M2M-RI: {Resource ID}\nX-M2M-Origin: {Origin}\nContent-Type: application/vnd.onem2m-res+xml;ty=12\nX-M2M-NM: {nodeID}_{cmdType}\nuKey: user Key from Portal\n",
			"url": "http://thingplugtest.sktiot.com:9000/{AppEUI}/v1_0/mgmtCmd-{nodeID}_{cmdType}",
			"preRequestScript": "",
			"pathVariables": {},
			"method": "PUT",
			"data": [],
			"dataMode": "raw",
			"version": 2,
			"tests": "",
			"currentHelper": "normal",
			"helperAttributes": {},
			"time": 1470902666838,
			"name": "<mgmtCmd> UPDATE",
			"description": "",
			"collectionId": "4774ac6e-ce66-2e9a-45cc-e79ddd79e949",
			"responses": [],
			"rawModeData": "<?xml version=\"1.0\" encoding=\"UTF-8\"?>\n<m2m:mgc \n    xmlns:m2m=\"http://www.onem2m.org/xml/protocols\" \n    xmlns:xsi=\"http://www.w3.org/2001/XMLSchema-instance\">\n    <cmt>{command Type}</cmt>\n    <ext>{nodeRI}</ext>\n    <exe>False</exe>\n</m2m:mgc>"
		}
	]
}