{
    "current_observation": {
        "UV": "0",
        "dewpoint_c": 0,
        "dewpoint_f": 32,
        "dewpoint_string": "32 F (0 C)",
        "display_location": {
            "city": "New York",
            "country": "US",
            "country_iso3166": "US",
            "elevation": "11.0",
            "full": "New York, NY",
            "latitude": "40.75000000",
            "longitude": "-74.00000000",
            "magic": "7",
            "state": "NY",
            "state_name": "New York",
            "wmo": "99999",
            "zip": "10001"
        },
        "estimated": {},
        "feelslike_c": "4",
        "feelslike_f": "39",
        "feelslike_string": "39 F (4 C)",
        "forecast_url": "http://www.wunderground.com/US/NY/New_York.html",
        "heat_index_c": "NA",
        "heat_index_f": "NA",
        "heat_index_string": "NA",
        "history_url": "http://www.wunderground.com/weatherstation/WXDailyHistory.asp?ID=KNYNEWYO805",
        "icon": "clear",
        "icon_url": "http://icons.wxug.com/i/c/k/clear.gif",
        "image": {
            "link": "http://www.wunderground.com",
            "title": "Weather Underground",
            "url": "http://icons.wxug.com/graphics/wu2/logo_130x80.png"
        },
        "local_epoch": "1511786699",
        "local_time_rfc822": "Mon, 27 Nov 2017 07:44:59 -0500",
        "local_tz_long": "America/New_York",
        "local_tz_offset": "-0500",
        "local_tz_short": "EST",
        "nowcast": "",
        "ob_url": "http://www.wunderground.com/cgi-bin/findweather/getForecast?query=40.752266,-74.009415",
        "observation_epoch": "1511786695",
        "observation_location": {
            "city": "Frying Pan NYC, New York",
            "country": "US",
            "country_iso3166": "US",
            "elevation": "0 ft",
            "full": "Frying Pan NYC, New York, New York",
            "latitude": "40.752266",
            "longitude": "-74.009415",
            "state": "New York"
        },
        "observation_time": "Last Updated on November 27, 7:44 AM EST",
        "observation_time_rfc822": "Mon, 27 Nov 2017 07:44:55 -0500",
        "precip_1hr_in": "0.00",
        "precip_1hr_metric": " 0",
        "precip_1hr_string": "0.00 in ( 0 mm)",
        "precip_today_in": "0.00",
        "precip_today_metric": "0",
        "precip_today_string": "0.00 in (0 mm)",
        "pressure_in": "30.01",
        "pressure_mb": "1016",
        "pressure_trend": "+",
        "relative_humidity": "68%",
        "solarradiation": "--",
        "station_id": "KNYNEWYO805",
        "temp_c": 5.5,
        "temp_f": 41.9,
        "temperature_string": "41.9 F (5.5 C)",
        "visibility_km": "16.1",
        "visibility_mi": "10.0",
        "weather": "Clear",
        "wind_degrees": 166,
        "wind_dir": "SSE",
        "wind_gust_kph": "14.0",
        "wind_gust_mph": "8.7",
        "wind_kph": 7.9,
        "wind_mph": 4.9,
        "wind_string": "From the SSE at 4.9 MPH Gusting to 8.7 MPH",
        "windchill_c": "4",
        "windchill_f": "39",
        "windchill_string": "39 F (4 C)"
    },
    "response": {
        "features": {
            "conditions": 1
        },
        "termsofService": "http://www.wunderground.com/weather/api/d/terms.html",
        "version": "0.1"
    }
}
