{
    "history": {
        "dailysummary": [
            {
                "coolingdegreedays": "0",
                "coolingdegreedaysnormal": "",
                "date": {
                    "hour": "00",
                    "mday": "27",
                    "min": "51",
                    "mon": "11",
                    "pretty": "12:51 AM EST on November 27, 2017",
                    "tzname": "America/New_York",
                    "year": "2017"
                },
                "fog": "0",
                "gdegreedays": "0",
                "hail": "0",
                "heatingdegreedays": "26",
                "heatingdegreedaysnormal": "",
                "humidity": "54",
                "maxdewpti": "25",
                "maxdewptm": "-4",
                "maxhumidity": "57",
                "maxpressurei": "30.01",
                "maxpressurem": "1016",
                "maxtempi": "39",
                "maxtempm": "4",
                "maxvisi": "10.0",
                "maxvism": "16.1",
                "maxwspdi": "9",
                "maxwspdm": "15",
                "meandewpti": "24",
                "meandewptm": "-4",
                "meanpressurei": "29.97",
                "meanpressurem": "1014.86",
                "meantempi": "39",
                "meantempm": "3",
                "meanvisi": "10.0",
                "meanvism": "16.1",
                "meanwdird": "270",
                "meanwdire": "West",
                "meanwindspdi": "5",
                "meanwindspdm": "8",
                "mindewpti": "23",
                "mindewptm": "-5",
                "minhumidity": "51",
                "minpressurei": "29.95",
                "minpressurem": "1014",
                "mintempi": "39",
                "mintempm": "3",
                "minvisi": "10.0",
                "minvism": "16.1",
                "minwspdi": "5",
                "minwspdm": "7",
                "monthtodatecoolingdegreedays": "",
                "monthtodatecoolingdegreedaysnormal": "",
                "monthtodateheatingdegreedays": "",
                "monthtodateheatingdegreedaysnormal": "",
                "monthtodatesnowfalli": "",
                "monthtodatesnowfallm": "",
                "precipi": "0.00",
                "precipm": "0.0",
                "precipsource": "3Or6HourObs",
                "rain": "0",
                "since1jancoolingdegreedays": "",
                "since1jancoolingdegreedaysnormal": "",
                "since1julheatingdegreedays": "",
                "since1julheatingdegreedaysnormal": "",
                "since1julsnowfalli": "",
                "since1julsnowfallm": "",
                "since1sepcoolingdegreedays": "",
                "since1sepcoolingdegreedaysnormal": "",
                "since1sepheatingdegreedays": "",
                "since1sepheatingdegreedaysnormal": "",
                "snow": "0",
                "snowdepthi": "",
                "snowdepthm": "",
                "snowfalli": "",
                "snowfallm": "",
                "thunder": "0",
                "tornado": "0"
            }
        ],
        "date": {
            "hour": "00",
            "mday": "27",
            "min": "51",
            "mon": "11",
            "pretty": "November 27, 2017",
            "tzname": "America/New_York",
            "year": "2017"
        },
        "observations": [
            {
                "conds": "Clear",
                "date": {
                    "hour": "00",
                    "mday": "27",
                    "min": "51",
                    "mon": "11",
                    "pretty": "12:51 AM EST on November 27, 2017",
                    "tzname": "America/New_York",
                    "year": "2017"
                },
                "dewpti": "25.0",
                "dewptm": "-3.9",
                "fog": "0",
                "hail": "0",
                "heatindexi": "-9999",
                "heatindexm": "-9999",
                "hum": "57",
                "icon": "clear",
                "metar": "METAR KNYC 270551Z AUTO VRB05KT 10SM CLR 04/M04 A2998 RMK AO2 SLP145 T00391039 10056 20039 56005 $",
                "precipi": "-9999.00",
                "precipm": "-9999.00",
                "pressurei": "29.96",
                "pressurem": "1014.5",
                "rain": "0",
                "snow": "0",
                "tempi": "39.0",
                "tempm": "3.9",
                "thunder": "0",
                "tornado": "0",
                "utcdate": {
                    "hour": "05",
                    "mday": "27",
                    "min": "51",
                    "mon": "11",
                    "pretty": "5:51 AM GMT on November 27, 2017",
                    "tzname": "UTC",
                    "year": "2017"
                },
                "visi": "10.0",
                "vism": "16.1",
                "wdird": "0",
                "wdire": "Variable",
                "wgusti": "-9999.0",
                "wgustm": "-9999.0",
                "windchilli": "34.8",
                "windchillm": "1.5",
                "wspdi": "5.8",
                "wspdm": "9.3"
            },
            {
                "conds": "Clear",
                "date": {
                    "hour": "01",
                    "mday": "27",
                    "min": "51",
                    "mon": "11",
                    "pretty": "1:51 AM EST on November 27, 2017",
                    "tzname": "America/New_York",
                    "year": "2017"
                },
                "dewpti": "24.1",
                "dewptm": "-4.4",
                "fog": "0",
                "hail": "0",
                "heatindexi": "-9999",
                "heatindexm": "-9999",
                "hum": "53",
                "icon": "clear",
                "metar": "METAR KNYC 270651Z AUTO 27004KT 10SM CLR 04/M04 A2999 RMK AO2 SLP147 T00441044 $",
                "precipi": "-9999.00",
                "precipm": "-9999.00",
                "pressurei": "29.97",
                "pressurem": "1014.7",
                "rain": "0",
                "snow": "0",
                "tempi": "39.9",
                "tempm": "4.4",
                "thunder": "0",
                "tornado": "0",
                "utcdate": {
                    "hour": "06",
                    "mday": "27",
                    "min": "51",
                    "mon": "11",
                    "pretty": "6:51 AM GMT on November 27, 2017",
                    "tzname": "UTC",
                    "year": "2017"
                },
                "visi": "10.0",
                "vism": "16.1",
                "wdird": "270",
                "wdire": "West",
                "wgusti": "-9999.0",
                "wgustm": "-9999.0",
                "windchilli": "36.7",
                "windchillm": "2.6",
                "wspdi": "4.6",
                "wspdm": "7.4"
            },
            {
                "conds": "Clear",
                "date": {
                    "hour": "02",
                    "mday": "27",
                    "min": "51",
                    "mon": "11",
                    "pretty": "2:51 AM EST on November 27, 2017",
                    "tzname": "America/New_York",
                    "year": "2017"
                },
                "dewpti": "24.1",
                "dewptm": "-4.4",
                "fog": "0",
                "hail": "0",
                "heatindexi": "-9999",
                "heatindexm": "-9999",
                "hum": "53",
                "icon": "clear",
                "metar": "METAR KNYC 270751Z AUTO 27007KT 10SM CLR 04/M04 A2997 RMK AO2 SLP142 T00441044 $",
                "precipi": "-9999.00",
                "precipm": "-9999.00",
                "pressurei": "29.95",
                "pressurem": "1014.2",
                "rain": "0",
                "snow": "0",
                "tempi": "39.9",
                "tempm": "4.4",
                "thunder": "0",
                "tornado": "0",
                "utcdate": {
                    "hour": "07",
                    "mday": "27",
                    "min": "51",
                    "mon": "11",
                    "pretty": "7:51 AM GMT on November 27, 2017",
                    "tzname": "UTC",
                    "year": "2017"
                },
                "visi": "10.0",
                "vism": "16.1",
                "wdird": "270",
                "wdire": "West",
                "wgusti": "-9999.0",
                "wgustm": "-9999.0",
                "windchilli": "34.5",
                "windchillm": "1.4",
                "wspdi": "8.1",
                "wspdm": "13.0"
            },
            {
                "conds": "Clear",
                "date": {
                    "hour": "03",
                    "mday": "27",
                    "min": "51",
                    "mon": "11",
                    "pretty": "3:51 AM EST on November 27, 2017",
                    "tzname": "America/New_York",
                    "year": "2017"
                },
                "dewpti": "23.0",
                "dewptm": "-5.0",
                "fog": "0",
                "hail": "0",
                "heatindexi": "-9999",
                "heatindexm": "-9999",
                "hum": "51",
                "icon": "clear",
                "metar": "METAR KNYC 270851Z AUTO 26007G16KT 10SM CLR 04/M05 A2998 RMK AO2 SLP144 T00441050 58001 $",
                "precipi": "-9999.00",
                "precipm": "-9999.00",
                "pressurei": "29.96",
                "pressurem": "1014.4",
                "rain": "0",
                "snow": "0",
                "tempi": "39.9",
                "tempm": "4.4",
                "thunder": "0",
                "tornado": "0",
                "utcdate": {
                    "hour": "08",
                    "mday": "27",
                    "min": "51",
                    "mon": "11",
                    "pretty": "8:51 AM GMT on November 27, 2017",
                    "tzname": "UTC",
                    "year": "2017"
                },
                "visi": "10.0",
                "vism": "16.1",
                "wdird": "260",
                "wdire": "West",
                "wgusti": "18.4",
                "wgustm": "29.6",
                "windchilli": "34.5",
                "windchillm": "1.4",
                "wspdi": "8.1",
                "wspdm": "13.0"
            },
            {
                "conds": "Clear",
                "date": {
                    "hour": "04",
                    "mday": "27",
                    "min": "51",
                    "mon": "11",
                    "pretty": "4:51 AM EST on November 27, 2017",
                    "tzname": "America/New_York",
                    "year": "2017"
                },
                "dewpti": "24.1",
                "dewptm": "-4.4",
                "fog": "0",
                "hail": "0",
                "heatindexi": "-9999",
                "heatindexm": "-9999",
                "hum": "55",
                "icon": "clear",
                "metar": "METAR KNYC 270951Z AUTO 27004KT 10SM CLR 04/M04 A2999 RMK AO2 SLP146 T00391044 58001 $",
                "precipi": "-9999.00",
                "precipm": "-9999.00",
                "pressurei": "29.96",
                "pressurem": "1014.6",
                "rain": "0",
                "snow": "0",
                "tempi": "39.0",
                "tempm": "3.9",
                "thunder": "0",
                "tornado": "0",
                "utcdate": {
                    "hour": "09",
                    "mday": "27",
                    "min": "51",
                    "mon": "11",
                    "pretty": "9:51 AM GMT on November 27, 2017",
                    "tzname": "UTC",
                    "year": "2017"
                },
                "visi": "10.0",
                "vism": "16.1",
                "wdird": "270",
                "wdire": "West",
                "wgusti": "-9999.0",
                "wgustm": "-9999.0",
                "windchilli": "35.7",
                "windchillm": "2.0",
                "wspdi": "4.6",
                "wspdm": "7.4"
            },
            {
                "conds": "Clear",
                "date": {
                    "hour": "05",
                    "mday": "27",
                    "min": "51",
                    "mon": "11",
                    "pretty": "5:51 AM EST on November 27, 2017",
                    "tzname": "America/New_York",
                    "year": "2017"
                },
                "dewpti": "24.1",
                "dewptm": "-4.4",
                "fog": "0",
                "hail": "0",
                "heatindexi": "-9999",
                "heatindexm": "-9999",
                "hum": "55",
                "icon": "clear",
                "metar": "METAR KNYC 271051Z AUTO 28008G18KT 10SM CLR 04/M04 A3001 RMK AO2 SLP154 T00391044 58001 $",
                "precipi": "-9999.00",
                "precipm": "-9999.00",
                "pressurei": "29.99",
                "pressurem": "1015.4",
                "rain": "0",
                "snow": "0",
                "tempi": "39.0",
                "tempm": "3.9",
                "thunder": "0",
                "tornado": "0",
                "utcdate": {
                    "hour": "10",
                    "mday": "27",
                    "min": "51",
                    "mon": "11",
                    "pretty": "10:51 AM GMT on November 27, 2017",
                    "tzname": "UTC",
                    "year": "2017"
                },
                "visi": "10.0",
                "vism": "16.1",
                "wdird": "280",
                "wdire": "West",
                "wgusti": "20.7",
                "wgustm": "33.3",
                "windchilli": "32.8",
                "windchillm": "0.4",
                "wspdi": "9.2",
                "wspdm": "14.8"
            },
            {
                "conds": "Clear",
                "date": {
                    "hour": "06",
                    "mday": "27",
                    "min": "51",
                    "mon": "11",
                    "pretty": "6:51 AM EST on November 27, 2017",
                    "tzname": "America/New_York",
                    "year": "2017"
                },
                "dewpti": "24.1",
                "dewptm": "-4.4",
                "fog": "0",
                "hail": "0",
                "heatindexi": "-9999",
                "heatindexm": "-9999",
                "hum": "53",
                "icon": "clear",
                "metar": "METAR KNYC 271151Z AUTO VRB05G14KT 10SM CLR 04/M04 A3003 RMK AO2 SLP162 T00441044 10050 20039 53018 $",
                "precipi": "-9999.00",
                "precipm": "-9999.00",
                "pressurei": "30.01",
                "pressurem": "1016.2",
                "rain": "0",
                "snow": "0",
                "tempi": "39.9",
                "tempm": "4.4",
                "thunder": "0",
                "tornado": "0",
                "utcdate": {
                    "hour": "11",
                    "mday": "27",
                    "min": "51",
                    "mon": "11",
                    "pretty": "11:51 AM GMT on November 27, 2017",
                    "tzname": "UTC",
                    "year": "2017"
                },
                "visi": "10.0",
                "vism": "16.1",
                "wdird": "0",
                "wdire": "Variable",
                "wgusti": "16.1",
                "wgustm": "25.9",
                "windchilli": "35.8",
                "windchillm": "2.1",
                "wspdi": "5.8",
                "wspdm": "9.3"
            }
        ],
        "utcdate": {
            "hour": "05",
            "mday": "27",
            "min": "51",
            "mon": "11",
            "pretty": "November 27, 2017",
            "tzname": "UTC",
            "year": "2017"
        }
    },
    "response": {
        "features": {
            "history": 1
        },
        "termsofService": "http://www.wunderground.com/weather/api/d/terms.html",
        "version": "0.1"
    }
}
